Comment;Designator;Footprint
Conn_01x02_Socket;J7,J11,J9,J10;JST_EH_B2B-EH-A_1x02_P2.50mm_Vertical
BQ25798RQMR;U8;IC_BQ25798RQMR
1N5820;D2;D_DO-201AD_P15.24mm_Horizontal
10k;R24,R25,R16,R14;R_0201_0603Metric
TestPoint;TP20,TP26,TP16,TP28,TP23,TP22,TP19,TP29,TP30,TP27,TP25,TP17,TP24,TP18,TP21;TestPoint_Keystone_5005-5009_Compact
1nF;C36;C_0402_1005Metric
0.1uF;C2,C35,C31,C32,C41;C_0402_1005Metric
680uF;C33;CP_Elec_8x10
10uF;C34,C45,C50,C44,C42,C43,C46,C49,C39,C37,C48,C40,C47,C51;C_1206_3216Metric
47nF;C29,C30;C_0603_1608Metric
6.04k;R20;R_0201_0603Metric
AMS1117-3.3;U10;SOT-223-3_TabPin2
ESP32-S3-DEVKITC-1-N8R2;U14;XCVR_ESP32-S3-DEVKITC-1-N8R2
5k1;R17,R18;R_0201_0603Metric
LM2596S-3.3;U9;TO-263-5_TabPin3
1M;R15;R_0201_0603Metric
100;R19;R_0201_0603Metric
Conn_Coaxial_Small;J12;BNC_TEConnectivity_1478204_Vertical
100k;R22;R_0201_0603Metric
4.7uF;C38;C_0805_2012Metric
RFM95W-868S2;U13;HOPERF_RFM9XW_SMD
1uH;L3;L_APV_ANR4018
127k;R21;R_0201_0603Metric
470;R26,R23;R_0201_0603Metric
SAM-M8Q;U11;ublox_SAM-M8Q
ESP32-S3-WROOM-2;U2;ESP32-S3-WROOM-2
USB_C_Receptacle_USB2.0_16P;J8;USB_C_Receptacle_HRO_TYPE-C-31-M-12
33uH;L4;L_APV_ANR8040
